Id,Frame,Time,Probability,FaceX0,FaceY0,FaceWidth,FaceHeight,Admiration,Adoration,Aesthetic Appreciation,Amusement,Anger,Anxiety,Awe,Awkwardness,Boredom,Calmness,Concentration,Contemplation,Confusion,Contempt,Contentment,Craving,Determination,Disappointment,Disgust,Distress,Doubt,Ecstasy,Embarrassment,Empathic Pain,Entrancement,Envy,Excitement,Fear,Guilt,Horror,Interest,Joy,Love,Nostalgia,Pain,Pride,Realization,Relief,Romance,Sadness,Satisfaction,Desire,Shame,Surprise (negative),Surprise (positive),Sympathy,Tiredness,Triumph,AU1 Inner Brow Raise,AU2 Outer Brow Raise,AU4 Brow Lowerer,AU5 Upper Lid Raise,AU6 Cheek Raise,AU7 Lids Tight,AU9 Nose Wrinkle,AU10 Upper Lip Raiser,AU11 Nasolabial Furrow Deepener,AU12 Lip Corner Puller,AU14 Dimpler,AU15 Lip Corner Depressor,AU16 Lower Lip Depress,AU17 Chin Raiser,AU18 Lip Pucker,AU19 Tongue Show,AU20 Lip Stretch,AU22 Lip Funneler,AU23 Lip Tightener,AU24 Lip Presser,AU25 Lips Part,AU26 Jaw Drop,AU27 Mouth Stretch,AU28 Lips Suck,AU32 Bite,AU34 Puff,AU37 Lip Wipe,AU38 Nostril Dilate,AU43 Eye Closure,AU53 Head Up,AU54 Head Down,Hand over Mouth,Hand over Eyes,Hand over Forehead,Hand over Face,Hand touching Face / Head,Beaming,Biting lip,Cheering,Cringe,Cry,Eyes closed,Face in hands,Frown,Gasp,Glare,Glaring,Grimace,Grin,Jaw drop,Laugh,Licking lip,Pout,Scowl,Smile,Smirk,Snarl,Squint,Sulking,Tongue out,Wide-eyed,Wince,Wrinkled nose
face_0,0,0.0,0.999971866607666,1310.0421142578125,346.6971130371094,199.06005859375,277.9792785644531,0.18000441789627075,0.2006518542766571,0.0757904127240181,0.8978140354156494,0.014534108340740204,0.040575940161943436,0.08903378993272781,0.1533377766609192,0.052237752825021744,0.19102884829044342,0.10349828004837036,0.044774286448955536,0.07659333944320679,0.044261012226343155,0.2713651657104492,0.03332285210490227,0.040605008602142334,0.04296582192182541,0.01963653601706028,0.044724658131599426,0.05063513666391373,0.21358636021614075,0.06408672779798508,0.023001499474048615,0.08344326913356781,0.019910726696252823,0.5859549045562744,0.031727518886327744,0.018035659566521645,0.02165653556585312,0.384747713804245,0.8939098715782166,0.3787466287612915,0.06190434470772743,0.03260350227355957,0.13188445568084717,0.09324249625205994,0.12525038421154022,0.06743564456701279,0.02601894736289978,0.3983708918094635,0.04537075385451317,0.021936923265457153,0.023291241377592087,0.05705733224749565,0.06056331843137741,0.04739188402891159,0.1186911016702652,,,,,,,,,,,,,,,,,,,,,,,,,,,,,,,,,,,,,,,,,,,,,,,,,,,,,,,,,,,,,,,
face_1,0,0.0,0.9999116659164429,833.8602294921875,357.3992919921875,194.751953125,270.07452392578125,0.17645999789237976,0.17601680755615234,0.07769632339477539,0.5982145071029663,0.04539347067475319,0.10776624828577042,0.1171942874789238,0.22817778587341309,0.10544843971729279,0.20797482132911682,0.17253555357456207,0.08808717131614685,0.24320919811725616,0.09929851442575455,0.20951876044273376,0.04492378979921341,0.06570172309875488,0.10788168013095856,0.07221244275569916,0.12423709034919739,0.14898014068603516,0.1291007399559021,0.09373904019594193,0.051734451204538345,0.09692616015672684,0.03407695144414902,0.3805171847343445,0.09775909781455994,0.03813549131155014,0.059120096266269684,0.39463210105895996,0.5890161395072937,0.2882876396179199,0.06335078179836273,0.08332240581512451,0.10962162166833878,0.1291520595550537,0.09812257438898087,0.07110317051410675,0.07348337769508362,0.28376489877700806,0.06441187858581543,0.03920234739780426,0.058336514979600906,0.07498026639223099,0.06321950256824493,0.07219076156616211,0.0911073312163353,,,,,,,,,,,,,,,,,,,,,,,,,,,,,,,,,,,,,,,,,,,,,,,,,,,,,,,,,,,,,,,
face_2,0,0.0,0.9999539852142334,1636.6231689453125,348.2127990722656,190.2840576171875,270.2028503417969,0.22869615256786346,0.2491043210029602,0.1055014431476593,0.7828811407089233,0.011067405343055725,0.04016147553920746,0.07818050682544708,0.18748058378696442,0.07739318907260895,0.28703299164772034,0.16733863949775696,0.0750025063753128,0.08491937071084976,0.057171814143657684,0.3097474277019501,0.06117386370897293,0.052530817687511444,0.04275480657815933,0.01837986148893833,0.03505755215883255,0.06539139151573181,0.14526964724063873,0.06224832683801651,0.01863454282283783,0.10760397464036942,0.026356413960456848,0.4419877529144287,0.02463262528181076,0.018673108890652657,0.01336912252008915,0.5210224390029907,0.7674888968467712,0.43290334939956665,0.07136973738670349,0.019488569349050522,0.13146424293518066,0.09323056042194366,0.10887441039085388,0.1113644689321518,0.021494358777999878,0.43681952357292175,0.09290202707052231,0.02311323769390583,0.01614549197256565,0.03582330420613289,0.06537487357854843,0.049201104789972305,0.08856144547462463,,,,,,,,,,,,,,,,,,,,,,,,,,,,,,,,,,,,,,,,,,,,,,,,,,,,,,,,,,,,,,,
face_3,0,0.0,0.9999498128890991,468.4864196777344,328.21722412109375,154.57168579101562,226.89508056640625,0.13478396832942963,0.14237166941165924,0.05885425955057144,0.7830983996391296,0.06049613282084465,0.06499328464269638,0.08179976791143417,0.16083316504955292,0.05266352370381355,0.13870739936828613,0.09229550510644913,0.03880614787340164,0.10843177139759064,0.07611818611621857,0.21832573413848877,0.03103981725871563,0.06371930986642838,0.07006324827671051,0.054386939853429794,0.08625347912311554,0.06616144627332687,0.2310970425605774,0.06446695327758789,0.04106329753994942,0.06708008050918579,0.024569567292928696,0.5983948707580566,0.056472718715667725,0.023051777854561806,0.043206922709941864,0.29573914408683777,0.8020813465118408,0.28261154890060425,0.05232636630535126,0.08536262810230255,0.16433244943618774,0.0900627002120018,0.10746028274297714,0.0458720326423645,0.04515378549695015,0.35170838236808777,0.03982517495751381,0.024626312777400017,0.03690105304121971,0.05753384158015251,0.05034390464425087,0.048883404582738876,0.1847781389951706,,,,,,,,,,,,,,,,,,,,,,,,,,,,,,,,,,,,,,,,,,,,,,,,,,,,,,,,,,,,,,,
face_4,0,0.0,0.9988265633583069,76.04133605957031,424.36529541015625,124.95466613769531,167.46844482421875,0.10093079507350922,0.12977422773838043,0.043713055551052094,0.7919812202453613,0.05569292604923248,0.0779198482632637,0.07411273568868637,0.13344722986221313,0.0484907440841198,0.10378506034612656,0.05981294438242912,0.029354529455304146,0.07686155289411545,0.048549626022577286,0.18871667981147766,0.02923445776104927,0.045455265790224075,0.08443255722522736,0.04483318328857422,0.1363397240638733,0.04619499668478966,0.3137592673301697,0.08676738291978836,0.06693993508815765,0.05692075937986374,0.016986863687634468,0.6174339652061462,0.0818275511264801,0.03614617511630058,0.06116490066051483,0.19209139049053192,0.7955523133277893,0.2973000407218933,0.05760831758379936,0.22232551872730255,0.12982399761676788,0.08848270773887634,0.12890872359275818,0.04794333502650261,0.10313829779624939,0.3553679585456848,0.04386768117547035,0.03733133524656296,0.037598878145217896,0.05249345302581787,0.04737458750605583,0.06995906680822372,0.17903269827365875,,,,,,,,,,,,,,,,,,,,,,,,,,,,,,,,,,,,,,,,,,,,,,,,,,,,,,,,,,,,,,,
face_2,20,0.3333333333333333,0.9999237060546875,1634.835205078125,349.26361083984375,190.7161865234375,278.16510009765625,0.22725538909435272,0.2521158456802368,0.0972239226102829,0.8356600403785706,0.011087284423410892,0.03915124386548996,0.08894430845975876,0.16743141412734985,0.061660800129175186,0.2360139936208725,0.13654904067516327,0.06480364501476288,0.07946992665529251,0.049467168748378754,0.29191166162490845,0.048492275178432465,0.046012990176677704,0.03944629430770874,0.017040275037288666,0.03593722730875015,0.0583205446600914,0.17029987275600433,0.062355972826480865,0.018494360148906708,0.10070857405662537,0.023761605843901634,0.5043081045150757,0.02635207772254944,0.017670756205916405,0.015446951612830162,0.4773382842540741,0.8327745795249939,0.4428150951862335,0.06964756548404694,0.02126580849289894,0.1312568485736847,0.09670040011405945,0.11314045637845993,0.09959026426076889,0.020560258999466896,0.42050841450691223,0.07077297568321228,0.02207135409116745,0.017883669584989548,0.043253298848867416,0.06193199008703232,0.04475374147295952,0.09877427667379379,,,,,,,,,,,,,,,,,,,,,,,,,,,,,,,,,,,,,,,,,,,,,,,,,,,,,,,,,,,,,,,
face_1,20,0.3333333333333333,0.9999947547912598,832.2922973632812,354.9054870605469,197.85528564453125,266.2590026855469,0.13407458364963531,0.11710351705551147,0.07256558537483215,0.35355523228645325,0.07456009835004807,0.1520988494157791,0.10918308794498444,0.2947939336299896,0.18274793028831482,0.24497009813785553,0.262904554605484,0.13423825800418854,0.4195162355899811,0.17621856927871704,0.15632343292236328,0.0599951297044754,0.09013207256793976,0.17837770283222198,0.14354977011680603,0.16732820868492126,0.27193716168403625,0.06890436261892319,0.11509816348552704,0.06541884690523148,0.10152086615562439,0.04641229659318924,0.20482124388217926,0.11548489332199097,0.05375073105096817,0.06850454956293106,0.373832643032074,0.2877810299396515,0.1722210943698883,0.05599267780780792,0.090924471616745,0.08440025895833969,0.14359420537948608,0.0746200904250145,0.06355465948581696,0.09067782014608383,0.19582071900367737,0.08532175421714783,0.05538148432970047,0.07875747978687286,0.07030981034040451,0.06194344907999039,0.10355927795171738,0.05853283777832985,,,,,,,,,,,,,,,,,,,,,,,,,,,,,,,,,,,,,,,,,,,,,,,,,,,,,,,,,,,,,,,
face_0,20,0.3333333333333333,0.9997524619102478,1310.3240966796875,366.6974792480469,195.463623046875,265.0793762207031,0.19559016823768616,0.23777467012405396,0.07967397570610046,0.8763241767883301,0.015858374536037445,0.045928847044706345,0.08359769731760025,0.1621701419353485,0.057702962309122086,0.20451679825782776,0.10734360665082932,0.050307635217905045,0.0825817883014679,0.04891028255224228,0.28747883439064026,0.03490081802010536,0.04114764928817749,0.0520828440785408,0.022868778556585312,0.053649790585041046,0.056723468005657196,0.1968296468257904,0.07962591201066971,0.0280061773955822,0.0856986716389656,0.021734867244958878,0.5417369604110718,0.0340447798371315,0.023038292303681374,0.021647552028298378,0.3832632303237915,0.881131649017334,0.46144816279411316,0.0705689936876297,0.043324243277311325,0.13249726593494415,0.09622403979301453,0.13137711584568024,0.08674177527427673,0.03568320348858833,0.41432681679725647,0.05134136602282524,0.02903960458934307,0.021925698965787888,0.047280337661504745,0.06455983221530914,0.053494371473789215,0.10982610285282135,,,,,,,,,,,,,,,,,,,,,,,,,,,,,,,,,,,,,,,,,,,,,,,,,,,,,,,,,,,,,,,
face_3,20,0.3333333333333333,0.9999080896377563,459.07183837890625,319.9673767089844,154.16339111328125,229.70584106445312,0.14150671660900116,0.15446540713310242,0.060611553490161896,0.8310168981552124,0.04847521707415581,0.05733295530080795,0.0792245864868164,0.1538432240486145,0.04943295568227768,0.1422147899866104,0.08646159619092941,0.03630609065294266,0.09267452359199524,0.06693517416715622,0.2333613485097885,0.02979864925146103,0.05748425051569939,0.06063448265194893,0.04439008608460426,0.0748402327299118,0.05714543163776398,0.24560678005218506,0.060787685215473175,0.03616887331008911,0.06733196973800659,0.02275398187339306,0.6302268505096436,0.04915573075413704,0.02083071693778038,0.03721287474036217,0.30245837569236755,0.8581247329711914,0.3119949996471405,0.05350297689437866,0.07353733479976654,0.1651887446641922,0.0856686383485794,0.1115613505244255,0.04859955981373787,0.03906795755028725,0.37617823481559753,0.039614513516426086,0.022849010303616524,0.031809307634830475,0.05428380146622658,0.050123896449804306,0.04626799002289772,0.1831846535205841,,,,,,,,,,,,,,,,,,,,,,,,,,,,,,,,,,,,,,,,,,,,,,,,,,,,,,,,,,,,,,,
face_4,20,0.3333333333333333,0.9999576807022095,80.49790954589844,429.6629943847656,130.91799926757812,169.00302124023438,0.11252017319202423,0.14374977350234985,0.04714981094002724,0.8149102926254272,0.04826857149600983,0.08109314739704132,0.08825944364070892,0.14109784364700317,0.05440186709165573,0.10509287565946579,0.061458222568035126,0.032745279371738434,0.08001182973384857,0.04658609628677368,0.1883152723312378,0.030005348846316338,0.042947907000780106,0.08703310787677765,0.040760189294815063,0.13098257780075073,0.04892339929938316,0.3210161328315735,0.10252705216407776,0.059506215155124664,0.06137365475296974,0.017507364973425865,0.6251611113548279,0.07932604104280472,0.0372505709528923,0.06053081899881363,0.20111611485481262,0.7991430163383484,0.32297027111053467,0.0589558482170105,0.17929434776306152,0.1234138086438179,0.10093188285827637,0.13899657130241394,0.05628998950123787,0.08809200674295425,0.353608638048172,0.04630236327648163,0.04193659871816635,0.04200633242726326,0.06464530527591705,0.04718918353319168,0.07733341306447983,0.16818460822105408,,,,,,,,,,,,,,,,,,,,,,,,,,,,,,,,,,,,,,,,,,,,,,,,,,,,,,,,,,,,,,,
face_2,40,0.6666666666666666,0.9999983310699463,1624.109375,331.0950927734375,206.919677734375,296.30999755859375,0.2354743927717209,0.2662662863731384,0.10271697491407394,0.8368971347808838,0.0091669000685215,0.0334506556391716,0.07861509919166565,0.1675826460123062,0.06228720396757126,0.27837061882019043,0.1411489099264145,0.06263846158981323,0.07385774701833725,0.05061570927500725,0.330418199300766,0.0445423498749733,0.0435192808508873,0.03625597059726715,0.015971625223755836,0.030806485563516617,0.05492720380425453,0.15460559725761414,0.056942738592624664,0.017259355634450912,0.10126936435699463,0.023429829627275467,0.4767431318759918,0.021625204011797905,0.015772107988595963,0.012207619845867157,0.5038067102432251,0.8606688380241394,0.4680391550064087,0.0734914094209671,0.01840495504438877,0.1373782455921173,0.08837919682264328,0.11765091866254807,0.09987106919288635,0.01923992857336998,0.44915616512298584,0.06579665839672089,0.020137019455432892,0.014726296067237854,0.03550485894083977,0.06861426681280136,0.04439555108547211,0.09233945608139038,,,,,,,,,,,,,,,,,,,,,,,,,,,,,,,,,,,,,,,,,,,,,,,,,,,,,,,,,,,,,,,
face_0,40,0.6666666666666666,0.999956488609314,1312.0379638671875,368.33624267578125,200.69482421875,271.8740234375,0.16928917169570923,0.20315901935100555,0.07127228379249573,0.8520915508270264,0.01951802335679531,0.05506707355380058,0.079659104347229,0.1727554351091385,0.05784011259675026,0.19265128672122955,0.10662809014320374,0.048327669501304626,0.09286663681268692,0.05053580552339554,0.2671366035938263,0.03408214449882507,0.04220131039619446,0.061732932925224304,0.02786734513938427,0.06720691174268723,0.06098850071430206,0.19771769642829895,0.08955979347229004,0.03414496034383774,0.08003931492567062,0.021193448454141617,0.5300213098526001,0.04098132625222206,0.0273614339530468,0.02634674310684204,0.3506453335285187,0.8469854593276978,0.403781533241272,0.06655095517635345,0.05785677582025528,0.12566566467285156,0.09926275908946991,0.13385902345180511,0.07645168155431747,0.045241665095090866,0.38863712549209595,0.049255095422267914,0.033248454332351685,0.025924474000930786,0.05117425322532654,0.06485629081726074,0.05860406905412674,0.1088966354727745,,,,,,,,,,,,,,,,,,,,,,,,,,,,,,,,,,,,,,,,,,,,,,,,,,,,,,,,,,,,,,,
face_1,40,0.6666666666666666,0.9999516010284424,831.3221435546875,355.4190979003906,195.6463623046875,270.6310729980469,0.12295107543468475,0.11546903848648071,0.06324165314435959,0.38934433460235596,0.07418344914913177,0.14654341340065002,0.11086571216583252,0.257316917181015,0.16235996782779694,0.208978071808815,0.20316483080387115,0.10475405305624008,0.39654091000556946,0.1469491720199585,0.15568670630455017,0.04284790903329849,0.07205082476139069,0.18404585123062134,0.13981083035469055,0.19626177847385406,0.2323148548603058,0.08545470237731934,0.11564746499061584,0.07973284274339676,0.09033811092376709,0.038785502314567566,0.23216791450977325,0.12309397011995316,0.054285161197185516,0.078803151845932,0.318491131067276,0.3492937386035919,0.1811540126800537,0.057757578790187836,0.1400832235813141,0.08483579754829407,0.1406431943178177,0.08785572648048401,0.05380088463425636,0.12382213026285172,0.20157669484615326,0.061085332185029984,0.05658458545804024,0.08363998681306839,0.07550180703401566,0.06492999196052551,0.11736426502466202,0.06535330414772034,,,,,,,,,,,,,,,,,,,,,,,,,,,,,,,,,,,,,,,,,,,,,,,,,,,,,,,,,,,,,,,
face_3,40,0.6666666666666666,0.9996908903121948,454.86285400390625,317.0599365234375,152.63043212890625,229.14007568359375,0.14908963441848755,0.156545951962471,0.06121453270316124,0.8942012786865234,0.03814494609832764,0.045849673449993134,0.09680098295211792,0.12161742895841599,0.04386499524116516,0.1263655573129654,0.07852412015199661,0.03451310470700264,0.07338960468769073,0.05249129980802536,0.21893036365509033,0.02927568554878235,0.05544262379407883,0.04741118848323822,0.027954915538430214,0.0578918531537056,0.04653036594390869,0.30365341901779175,0.04755067080259323,0.027250276878476143,0.07096473127603531,0.020389605313539505,0.7099222540855408,0.04304760694503784,0.015924084931612015,0.033953893929719925,0.30260318517684937,0.8911381363868713,0.3048258423805237,0.05282098427414894,0.05238594114780426,0.17210610210895538,0.08995335549116135,0.11667589843273163,0.04455458000302315,0.029054807499051094,0.37726983428001404,0.03584109619259834,0.01720494218170643,0.03030683845281601,0.06786767393350601,0.044878169894218445,0.04188873618841171,0.21840260922908783,,,,,,,,,,,,,,,,,,,,,,,,,,,,,,,,,,,,,,,,,,,,,,,,,,,,,,,,,,,,,,,
face_4,40,0.6666666666666666,0.9989456534385681,80.30181884765625,425.275146484375,129.69456481933594,172.8829345703125,0.09882868081331253,0.1290491372346878,0.04224530979990959,0.8081879019737244,0.06282743811607361,0.08490198850631714,0.07898750901222229,0.13473358750343323,0.05124955624341965,0.09694099426269531,0.05454826354980469,0.027685057371854782,0.0722431093454361,0.04716243967413902,0.18361374735832214,0.02852844074368477,0.045308634638786316,0.09005334228277206,0.04504088684916496,0.14592643082141876,0.043764371424913406,0.34802842140197754,0.09837218374013901,0.06771642714738846,0.05540289729833603,0.01670137792825699,0.6551170945167542,0.08667608350515366,0.038289908319711685,0.06775099784135818,0.18061286211013794,0.8102946877479553,0.30408746004104614,0.05621909722685814,0.22773563861846924,0.1301736831665039,0.09243151545524597,0.13329967856407166,0.049354638904333115,0.09991635382175446,0.35823604464530945,0.043491922318935394,0.04171144217252731,0.042229849845170975,0.0603373758494854,0.04502575844526291,0.07763054221868515,0.1914217472076416,,,,,,,,,,,,,,,,,,,,,,,,,,,,,,,,,,,,,,,,,,,,,,,,,,,,,,,,,,,,,,,
face_2,60,1.0,0.9999978542327881,1625.5733642578125,334.41925048828125,206.4764404296875,297.38238525390625,0.22760340571403503,0.25866761803627014,0.09963754564523697,0.833440899848938,0.009022284299135208,0.03377050161361694,0.07435798645019531,0.17135149240493774,0.06102008372545242,0.28333744406700134,0.13868707418441772,0.059931617230176926,0.07377463579177856,0.05051415041089058,0.3347344398498535,0.042111534625291824,0.04212746396660805,0.03697603940963745,0.016248969361186028,0.03140716254711151,0.05448426678776741,0.15069963037967682,0.0591447539627552,0.01771838404238224,0.09830376505851746,0.02285788208246231,0.4678277373313904,0.021452929824590683,0.01617051288485527,0.012029183097183704,0.49318328499794006,0.862187922000885,0.4623262286186218,0.07306276261806488,0.019004283472895622,0.13549113273620605,0.0870579406619072,0.1193397045135498,0.09683293104171753,0.01974521577358246,0.4466792643070221,0.061802443116903305,0.02074139192700386,0.014601982198655605,0.0343756228685379,0.07038864493370056,0.0450131855905056,0.08937396854162216,,,,,,,,,,,,,,,,,,,,,,,,,,,,,,,,,,,,,,,,,,,,,,,,,,,,,,,,,,,,,,,
face_1,60,1.0,0.9999843835830688,832.190185546875,354.42547607421875,198.21435546875,271.17462158203125,0.1345658302307129,0.1324644833803177,0.06635522842407227,0.44145870208740234,0.06654825061559677,0.15075239539146423,0.10271933674812317,0.26741719245910645,0.13728074729442596,0.20161975920200348,0.19140781462192535,0.10240471363067627,0.35541436076164246,0.13789395987987518,0.1693238914012909,0.04746289923787117,0.07001865655183792,0.16374199092388153,0.13300427794456482,0.1899852752685547,0.21214322745800018,0.09595349431037903,0.11899076402187347,0.07746156305074692,0.08935480564832687,0.03812073543667793,0.2639612555503845,0.13077889382839203,0.054616376757621765,0.07821935415267944,0.3339284658432007,0.40796059370040894,0.21559150516986847,0.0603707954287529,0.13816091418266296,0.08930160105228424,0.13377752900123596,0.08714927732944489,0.06341374665498734,0.1195918619632721,0.2270732820034027,0.0706229954957962,0.05595945194363594,0.07405377179384232,0.06616416573524475,0.065812848508358,0.09639967978000641,0.07021163403987885,,,,,,,,,,,,,,,,,,,,,,,,,,,,,,,,,,,,,,,,,,,,,,,,,,,,,,,,,,,,,,,
face_0,60,1.0,0.999129593372345,1312.9322509765625,367.47320556640625,190.974609375,262.906494140625,0.1760832667350769,0.21922634541988373,0.07252631336450577,0.8875860571861267,0.0177251435816288,0.05063365772366524,0.07930036634206772,0.16311126947402954,0.05382827669382095,0.18642200529575348,0.0965891182422638,0.04533415660262108,0.08088433742523193,0.04712260887026787,0.27745121717453003,0.0324191153049469,0.03955967724323273,0.05623603239655495,0.02464510127902031,0.06235137954354286,0.053770262748003006,0.21432313323020935,0.08701854944229126,0.031929075717926025,0.07968877255916595,0.02028922736644745,0.5594292283058167,0.03758275881409645,0.02542908489704132,0.024258265271782875,0.34329625964164734,0.8927356004714966,0.4434472918510437,0.06908544152975082,0.055057499557733536,0.13113093376159668,0.09589707851409912,0.13991278409957886,0.08087272942066193,0.04122030735015869,0.4105542302131653,0.047979339957237244,0.03185733035206795,0.023160910233855247,0.04720205441117287,0.06320676952600479,0.05622640624642372,0.11529046297073364,,,,,,,,,,,,,,,,,,,,,,,,,,,,,,,,,,,,,,,,,,,,,,,,,,,,,,,,,,,,,,,
face_3,60,1.0,0.9999973773956299,451.8552551269531,313.5966796875,156.77041625976562,232.22247314453125,0.13114170730113983,0.14587117731571198,0.053859058767557144,0.969066321849823,0.03590478375554085,0.04220190644264221,0.0873355120420456,0.11195466667413712,0.038580406457185745,0.11003062129020691,0.06238572672009468,0.027289386838674545,0.0620737299323082,0.04577212035655975,0.21587185561656952,0.026015475392341614,0.04717286676168442,0.04473477974534035,0.027384541928768158,0.060094937682151794,0.03763636574149132,0.3631606996059418,0.04670795425772667,0.029284777119755745,0.06326089054346085,0.01747514307498932,0.7789793610572815,0.04254993423819542,0.01557856798171997,0.035248637199401855,0.2663196325302124,0.9549657702445984,0.3047668933868408,0.05117072910070419,0.06575964391231537,0.16888520121574402,0.08262988179922104,0.12294778227806091,0.0406695120036602,0.03229781612753868,0.3942334055900574,0.03350084275007248,0.016901396214962006,0.02876157872378826,0.06455172598361969,0.04346268251538277,0.04208844155073166,0.23444291949272156,,,,,,,,,,,,,,,,,,,,,,,,,,,,,,,,,,,,,,,,,,,,,,,,,,,,,,,,,,,,,,,
face_4,60,1.0,0.9989262223243713,72.59860229492188,424.7903747558594,130.57374572753906,170.46365356445312,0.09920186549425125,0.12937669456005096,0.04244554042816162,0.7676017880439758,0.061158061027526855,0.08589860051870346,0.07655476778745651,0.13886737823486328,0.05091681703925133,0.10005024820566177,0.05765758454799652,0.029316481202840805,0.07941434532403946,0.049641747027635574,0.18023057281970978,0.028911687433719635,0.045312125235795975,0.09367312490940094,0.04762716591358185,0.14957836270332336,0.047696489840745926,0.30960580706596375,0.09891141951084137,0.06946060061454773,0.05548044294118881,0.017047887668013573,0.6000181436538696,0.08640369027853012,0.03952648863196373,0.06523693352937698,0.18311621248722076,0.772075891494751,0.2964356541633606,0.05666651204228401,0.23261605203151703,0.1263107806444168,0.09263594448566437,0.13062435388565063,0.04956858605146408,0.10583271831274033,0.34265419840812683,0.04394935816526413,0.04247729107737541,0.040992945432662964,0.05562390759587288,0.04606712982058525,0.07695724070072174,0.17516937851905823,,,,,,,,,,,,,,,,,,,,,,,,,,,,,,,,,,,,,,,,,,,,,,,,,,,,,,,,,,,,,,,
face_1,80,1.3333333333333333,0.9999994039535522,838.8714599609375,336.7799377441406,205.4207763671875,287.7360534667969,0.1558929979801178,0.16057538986206055,0.06486725807189941,0.7842977046966553,0.052696727216243744,0.08119363337755203,0.12036772072315216,0.16458895802497864,0.07218063622713089,0.14959552884101868,0.10946381092071533,0.05090165138244629,0.11598676443099976,0.06899573653936386,0.20948506891727448,0.037510935217142105,0.06364429742097855,0.07415375113487244,0.049082010984420776,0.09829145669937134,0.07567616552114487,0.23314563930034637,0.06981061398983002,0.04490010440349579,0.08157505095005035,0.026673825457692146,0.6177223324775696,0.09212499856948853,0.027828332036733627,0.0687473937869072,0.33216533064842224,0.7755813002586365,0.29684385657310486,0.05668257176876068,0.08390454947948456,0.14046138525009155,0.10586260259151459,0.09640365093946457,0.053774394094944,0.057875920087099075,0.3295372724533081,0.04668393358588219,0.027751661837100983,0.056601524353027344,0.09561996161937714,0.0538845919072628,0.05657586827874184,0.16225633025169373,,,,,,,,,,,,,,,,,,,,,,,,,,,,,,,,,,,,,,,,,,,,,,,,,,,,,,,,,,,,,,,
face_2,80,1.3333333333333333,0.9999994039535522,1620.7763671875,371.2974548339844,210.0682373046875,259.2499694824219,0.22250106930732727,0.2487666755914688,0.09986050426959991,0.8127524256706238,0.008329225704073906,0.03377798944711685,0.06958714127540588,0.17675869166851044,0.06330903619527817,0.2875764071941376,0.14314746856689453,0.06173399090766907,0.0754586011171341,0.05070212483406067,0.32967472076416016,0.04348372668027878,0.04178285971283913,0.036088161170482635,0.015892567113041878,0.030111294239759445,0.0555613674223423,0.13911327719688416,0.05819210782647133,0.016338970512151718,0.09710744768381119,0.022471953183412552,0.441427618265152,0.020055904984474182,0.01570790633559227,0.01091780886054039,0.5015034675598145,0.8378826975822449,0.4452047049999237,0.07025621086359024,0.01667156256735325,0.12949907779693604,0.0852971225976944,0.11259482055902481,0.0973767638206482,0.017859112471342087,0.4326710104942322,0.06414739042520523,0.020197119563817978,0.013663576915860176,0.03149500861763954,0.06904734671115875,0.04428449273109436,0.08236304670572281,,,,,,,,,,,,,,,,,,,,,,,,,,,,,,,,,,,,,,,,,,,,,,,,,,,,,,,,,,,,,,,
face_0,80,1.3333333333333333,0.999932050704956,1301.924560546875,370.865234375,198.5350341796875,266.21429443359375,0.18899041414260864,0.2246631383895874,0.07844965904951096,0.8543325662612915,0.01726381480693817,0.04840325936675072,0.07942938059568405,0.1705746352672577,0.057485200464725494,0.207733616232872,0.11302590370178223,0.05039089545607567,0.08934915065765381,0.05138125643134117,0.2826225161552429,0.03576236963272095,0.04295629262924194,0.05362698808312416,0.02535560354590416,0.05570630729198456,0.059777963906526566,0.18508601188659668,0.07981155812740326,0.028626779094338417,0.08465021103620529,0.022167162969708443,0.5271210670471191,0.03502343222498894,0.02351890131831169,0.021933918818831444,0.3898392617702484,0.8644794821739197,0.43836238980293274,0.06749249249696732,0.04423162713646889,0.12920346856117249,0.0950547382235527,0.1256292760372162,0.08417538553476334,0.03604768216609955,0.4023486375808716,0.052478328347206116,0.02915305271744728,0.02259911224246025,0.046323660761117935,0.06451652199029922,0.052498240023851395,0.10551277548074722,,,,,,,,,,,,,,,,,,,,,,,,,,,,,,,,,,,,,,,,,,,,,,,,,,,,,,,,,,,,,,,
face_3,80,1.3333333333333333,0.99992835521698,466.97100830078125,313.6048583984375,161.96063232421875,238.04681396484375,0.13666079938411713,0.14192301034927368,0.05701940134167671,0.886962354183197,0.0496024563908577,0.050608038902282715,0.09603635221719742,0.12934724986553192,0.04439294710755348,0.11461319029331207,0.07499773800373077,0.03203260898590088,0.08146831393241882,0.05827120691537857,0.20446932315826416,0.030391227453947067,0.058507077395915985,0.05148842930793762,0.036026425659656525,0.06662376970052719,0.04910105839371681,0.3050641417503357,0.04864488169550896,0.030838850885629654,0.0669873058795929,0.02125691995024681,0.73142409324646,0.05023546889424324,0.016521884128451347,0.041581157594919205,0.2906939685344696,0.8779625296592712,0.27767282724380493,0.04848502203822136,0.06373310089111328,0.17086483538150787,0.0875881165266037,0.10730971395969391,0.04065354913473129,0.03210534155368805,0.3636013865470886,0.037289757281541824,0.01750236563384533,0.035464826971292496,0.07087018340826035,0.04326978325843811,0.04212053492665291,0.2304094284772873,,,,,,,,,,,,,,,,,,,,,,,,,,,,,,,,,,,,,,,,,,,,,,,,,,,,,,,,,,,,,,,
face_4,80,1.3333333333333333,0.9986968636512756,63.178321838378906,418.4004211425781,148.55445098876953,205.57400512695312,0.1633061170578003,0.20459958910942078,0.06714676320552826,0.9576400518417358,0.01630108244717121,0.03855229914188385,0.07570923119783401,0.1345936805009842,0.042536959052085876,0.1530938297510147,0.07244472950696945,0.0340847410261631,0.05563855916261673,0.03977407515048981,0.26597902178764343,0.029526636004447937,0.036334745585918427,0.03924049437046051,0.019187012687325478,0.04634254053235054,0.03733476251363754,0.2759472727775574,0.06381939351558685,0.02342410385608673,0.07188860327005386,0.017036596313118935,0.6575281023979187,0.030120093375444412,0.017262890934944153,0.020990516990423203,0.31451475620269775,0.9651198387145996,0.43578627705574036,0.06137435883283615,0.0415850393474102,0.14194118976593018,0.0823013111948967,0.12928889691829681,0.0709172785282135,0.02523384429514408,0.4359160363674164,0.04439577832818031,0.021947935223579407,0.019093608483672142,0.04404261335730553,0.05142495036125183,0.044555313885211945,0.14447802305221558,,,,,,,,,,,,,,,,,,,,,,,,,,,,,,,,,,,,,,,,,,,,,,,,,,,,,,,,,,,,,,,
face_2,100,1.6666666666666667,0.9999865293502808,1627.703369140625,339.9818420410156,204.2685546875,289.9748840332031,0.2251424491405487,0.2555706799030304,0.10039587318897247,0.8093246817588806,0.009903605096042156,0.03538608178496361,0.07563365995883942,0.1702478677034378,0.06658924371004105,0.2796001434326172,0.14394374191761017,0.06437998265028,0.0754636824131012,0.052341874688863754,0.32370299100875854,0.047732796519994736,0.04507678747177124,0.0393800288438797,0.01713571511209011,0.033142443746328354,0.05669425427913666,0.1524515599012375,0.059362128376960754,0.018499527126550674,0.10039932280778885,0.023758891969919205,0.45845827460289,0.022731110453605652,0.017057303339242935,0.01269167847931385,0.48874056339263916,0.8299393653869629,0.4574243724346161,0.07305799424648285,0.020539842545986176,0.13466189801692963,0.08819045126438141,0.1170487254858017,0.10188818722963333,0.021558130159974098,0.4460706412792206,0.07222584635019302,0.02166369929909706,0.014953384175896645,0.03419716656208038,0.06746779382228851,0.047688987106084824,0.09113797545433044,,,,,,,,,,,,,,,,,,,,,,,,,,,,,,,,,,,,,,,,,,,,,,,,,,,,,,,,,,,,,,,
face_0,100,1.6666666666666667,0.9988271594047546,1311.2843017578125,356.5726623535156,195.5943603515625,270.0525817871094,0.17345339059829712,0.2187919020652771,0.07149369269609451,0.8757630586624146,0.017849760130047798,0.05470358207821846,0.07602639496326447,0.1735473871231079,0.05427059531211853,0.18611302971839905,0.09997045993804932,0.04655113443732262,0.08530797809362411,0.047700315713882446,0.2706720232963562,0.03341256082057953,0.03953058272600174,0.060392752289772034,0.02625689096748829,0.06639580428600311,0.05654493346810341,0.19957727193832397,0.09817579388618469,0.033971820026636124,0.07889354228973389,0.020466722548007965,0.5379010438919067,0.038861025124788284,0.02833293378353119,0.02464611455798149,0.344091534614563,0.8712227940559387,0.44595324993133545,0.06902240961790085,0.058508891612291336,0.12434965372085571,0.09708341211080551,0.13506492972373962,0.0854756087064743,0.04464096575975418,0.396506667137146,0.04964062198996544,0.035849444568157196,0.023561960086226463,0.04581668600440025,0.06532581895589828,0.05739433690905571,0.10599581897258759,,,,,,,,,,,,,,,,,,,,,,,,,,,,,,,,,,,,,,,,,,,,,,,,,,,,,,,,,,,,,,,
face_1,100,1.6666666666666667,0.9999303817749023,844.6057739257812,356.1354675292969,191.93804931640625,270.2528991699219,0.16710910201072693,0.16711802780628204,0.07767418026924133,0.6179825663566589,0.04587659239768982,0.09583844989538193,0.09092039614915848,0.2473389357328415,0.09585750848054886,0.23591135442256927,0.1734384447336197,0.07602947950363159,0.1926114559173584,0.10691286623477936,0.23768575489521027,0.045305684208869934,0.06938806176185608,0.09646375477313995,0.07405903935432434,0.10206480324268341,0.12500014901161194,0.12683738768100739,0.09153149276971817,0.04546048492193222,0.0915878415107727,0.03418780490756035,0.38818973302841187,0.07940629869699478,0.03498351201415062,0.047678831964731216,0.40095800161361694,0.6240883469581604,0.29287081956863403,0.06048522889614105,0.06630200892686844,0.12249019742012024,0.11078306287527084,0.0942186638712883,0.0697789192199707,0.057140421122312546,0.31328171491622925,0.06235818937420845,0.037005942314863205,0.046854909509420395,0.05974702164530754,0.06462736427783966,0.06204148754477501,0.09453494846820831,,,,,,,,,,,,,,,,,,,,,,,,,,,,,,,,,,,,,,,,,,,,,,,,,,,,,,,,,,,,,,,
face_4,100,1.6666666666666667,0.9999451637268066,66.59760284423828,395.8988037109375,161.34375762939453,234.99462890625,0.1477442979812622,0.18664905428886414,0.060614120215177536,0.9530938863754272,0.025521397590637207,0.044640567153692245,0.0821390151977539,0.12458428740501404,0.042314302176237106,0.12902823090553284,0.06578104197978973,0.03219721093773842,0.05546758696436882,0.04255882650613785,0.24080482125282288,0.03189681097865105,0.041487034410238266,0.04582946002483368,0.024351641535758972,0.06116507947444916,0.037226371467113495,0.33431196212768555,0.06293288618326187,0.03045497089624405,0.06946732848882675,0.017469264566898346,0.7115123867988586,0.04102743789553642,0.01975439302623272,0.03012869507074356,0.27178406715393066,0.9384680986404419,0.40351226925849915,0.06094304472208023,0.06801334768533707,0.1511915922164917,0.08386416733264923,0.12900102138519287,0.0645596906542778,0.03555271774530411,0.4370271563529968,0.048204053193330765,0.023290568962693214,0.023480525240302086,0.0494428388774395,0.046437084674835205,0.04762783274054527,0.18465860188007355,,,,,,,,,,,,,,,,,,,,,,,,,,,,,,,,,,,,,,,,,,,,,,,,,,,,,,,,,,,,,,,
face_3,100,1.6666666666666667,0.9997966885566711,491.2732849121094,313.24652099609375,157.97830200195312,236.3626708984375,0.1372230350971222,0.1434096395969391,0.05833802744746208,0.8218441009521484,0.06147097051143646,0.05934135615825653,0.0864642933011055,0.14680823683738708,0.04763222485780716,0.12817002832889557,0.08251252770423889,0.03411751240491867,0.0888446494936943,0.06948386132717133,0.21742016077041626,0.030151445418596268,0.06471353024244308,0.06030081957578659,0.044770825654268265,0.07595992088317871,0.055228784680366516,0.26473286747932434,0.055743925273418427,0.03581187129020691,0.06578408926725388,0.023332366719841957,0.676213264465332,0.05414685606956482,0.019575510174036026,0.04331982508301735,0.29375457763671875,0.8464429378509521,0.28380322456359863,0.0506478026509285,0.0728050172328949,0.17999064922332764,0.08669626712799072,0.10496458411216736,0.04283794015645981,0.03585397079586983,0.36587247252464294,0.036930035799741745,0.020789876580238342,0.03645537793636322,0.06277234852313995,0.04647614434361458,0.04423263669013977,0.21765285730361938,,,,,,,,,,,,,,,,,,,,,,,,,,,,,,,,,,,,,,,,,,,,,,,,,,,,,,,,,,,,,,,
